graph_id,source,target
0,0,33
0,0,37
0,3,4
0,3,33
0,3,37
0,4,3
0,4,26
0,4,33
0,4,37
0,4,52
0,4,57
0,21,33
0,21,37
0,26,4
0,26,37
0,33,0
0,33,3
0,33,4
0,33,21
0,33,36
0,33,37
0,33,52
0,33,53
0,33,57
0,36,33
0,36,57
0,37,0
0,37,3
0,37,4
0,37,21
0,37,26
0,37,33
0,37,52
0,37,53
0,37,57
0,52,4
0,52,33
0,52,37
0,53,33
0,53,37
0,57,4
0,57,33
0,57,36
0,57,37
0,0,3
0,0,4
0,0,22
0,0,32
0,0,36
0,3,0
0,3,22
0,3,26
0,4,0
0,4,21
0,4,32
0,4,36
0,4,50
0,4,55
0,21,4
0,21,32
0,21,36
0,22,0
0,22,3
0,26,3
0,32,0
0,32,4
0,32,21
0,32,35
0,32,36
0,32,50
0,32,51
0,32,55
0,35,32
0,35,55
0,36,0
0,36,4
0,36,21
0,36,32
0,36,50
0,36,51
0,36,55
0,50,4
0,50,32
0,50,36
0,51,32
0,51,36
0,55,4
0,55,32
0,55,35
0,55,36
1,0,24
1,0,28
1,0,35
1,0,38
1,3,24
1,3,28
1,4,23
1,4,28
1,4,35
1,4,38
1,4,54
1,23,4
1,24,0
1,24,3
1,27,28
1,28,0
1,28,3
1,28,4
1,28,27
1,28,38
1,28,54
1,35,0
1,35,4
1,35,37
1,35,38
1,35,50
1,35,54
1,37,35
1,37,50
1,37,54
1,38,0
1,38,4
1,38,28
1,38,35
1,38,49
1,38,54
1,49,38
1,50,35
1,50,37
1,53,54
1,54,4
1,54,28
1,54,35
1,54,37
1,54,38
1,54,53
1,0,3
1,0,4
1,0,22
1,0,23
1,0,27
1,0,33
1,3,0
1,3,23
1,3,27
1,4,0
1,4,22
1,4,27
1,4,33
1,4,36
1,22,0
1,22,4
1,23,0
1,23,3
1,26,27
1,27,0
1,27,3
1,27,4
1,27,26
1,27,36
1,33,0
1,33,4
1,33,35
1,33,36
1,33,47
1,33,48
1,33,51
1,35,33
1,35,47
1,35,51
1,36,4
1,36,27
1,36,33
1,36,46
1,36,51
1,46,36
1,47,33
1,47,35
1,48,33
1,51,33
1,51,35
1,51,36
2,0,29
2,0,33
2,0,37
2,3,23
2,3,27
2,3,33
2,3,37
2,4,22
2,4,27
2,4,33
2,4,37
2,22,4
2,23,3
2,27,3
2,27,4
2,29,0
2,33,0
2,33,3
2,33,4
2,33,37
2,33,52
2,33,56
2,37,0
2,37,3
2,37,4
2,37,33
2,37,56
2,52,33
2,56,33
2,56,37
2,0,3
2,0,4
2,0,22
2,0,32
2,0,36
2,3,0
2,3,4
2,3,22
2,3,26
2,3,32
2,3,36
2,3,56
2,4,0
2,4,3
2,4,21
2,4,26
2,4,32
2,4,36
2,4,56
2,21,4
2,22,0
2,22,3
2,26,3
2,26,4
2,32,0
2,32,3
2,32,4
2,32,35
2,32,36
2,32,52
2,32,56
2,35,32
2,35,56
2,36,0
2,36,3
2,36,4
2,36,32
2,36,56
2,52,32
2,56,3
2,56,4
2,56,32
2,56,35
2,56,36
3,0,26
3,4,36
3,22,26
3,25,26
3,26,0
3,26,22
3,26,25
3,32,50
3,32,54
3,35,50
3,35,54
3,36,4
3,50,32
3,50,35
3,50,54
3,53,54
3,54,32
3,54,35
3,54,50
3,54,53
3,0,3
3,0,4
3,0,22
3,0,32
3,3,0
3,3,22
3,3,26
3,4,0
3,4,32
3,22,0
3,22,3
3,26,3
3,32,0
3,32,4
3,32,35
3,32,36
3,32,53
3,32,57
3,35,32
3,35,53
3,35,57
3,36,32
3,53,32
3,53,35
3,53,57
3,57,32
3,57,35
3,57,53
4,0,22
4,0,26
4,0,32
4,0,36
4,3,22
4,3,26
4,4,32
4,4,36
4,4,52
4,22,0
4,22,3
4,26,0
4,26,3
4,32,0
4,32,4
4,32,35
4,32,36
4,32,47
4,32,48
4,32,52
4,35,32
4,35,43
4,35,48
4,35,52
4,36,0
4,36,4
4,36,32
4,36,52
4,43,35
4,47,32
4,48,32
4,48,35
4,48,52
4,52,4
4,52,32
4,52,35
4,52,36
4,52,48
4,0,3
4,0,4
4,0,20
4,0,24
4,0,30
4,0,34
4,3,0
4,3,20
4,3,24
4,3,30
4,4,0
4,4,19
4,4,30
4,4,34
4,19,4
4,20,0
4,20,3
4,24,0
4,24,3
4,30,0
4,30,3
4,30,4
4,30,33
4,30,34
4,30,45
4,30,46
4,30,50
4,33,30
4,33,46
4,33,50
4,34,0
4,34,4
4,34,30
4,45,30
4,46,30
4,46,33
4,46,50
4,50,30
4,50,33
4,50,46
5,0,19
5,0,20
5,0,31
5,3,24
5,4,31
5,4,35
5,8,26
5,19,0
5,19,51
5,20,0
5,24,3
5,26,8
5,31,0
5,31,4
5,31,35
5,31,52
5,31,53
5,35,4
5,35,31
5,47,52
5,51,19
5,51,52
5,52,31
5,52,47
5,52,51
5,53,31
5,0,4
5,0,22
5,0,23
5,0,33
5,3,27
5,4,0
5,4,22
5,4,33
5,4,37
5,22,0
5,22,4
5,22,49
5,23,0
5,27,3
5,33,0
5,33,4
5,33,37
5,33,50
5,37,4
5,37,33
5,45,49
5,45,50
5,49,22
5,49,45
5,49,50
5,50,33
5,50,45
5,50,49
6,0,3
6,0,4
6,0,22
6,0,23
6,0,27
6,0,33
6,0,37
6,3,0
6,3,22
6,3,23
6,3,27
6,4,0
6,4,22
6,4,33
6,4,37
6,4,57
6,22,0
6,22,3
6,22,4
6,22,27
6,22,33
6,22,37
6,23,0
6,23,3
6,23,27
6,27,0
6,27,3
6,27,22
6,27,23
6,33,0
6,33,4
6,33,22
6,33,36
6,33,37
6,33,52
6,33,53
6,33,54
6,33,57
6,36,33
6,36,53
6,36,57
6,37,0
6,37,4
6,37,22
6,37,33
6,37,52
6,37,57
6,52,33
6,52,37
6,53,33
6,53,36
6,53,57
6,54,33
6,57,4
6,57,33
6,57,36
6,57,37
6,57,53
7,0,22
7,0,26
7,0,32
7,0,36
7,3,22
7,3,26
7,4,21
7,4,26
7,4,32
7,4,36
7,21,4
7,22,0
7,22,3
7,26,0
7,26,3
7,26,4
7,26,32
7,32,0
7,32,4
7,32,26
7,32,35
7,32,36
7,32,49
7,32,53
7,35,32
7,35,49
7,35,53
7,36,0
7,36,4
7,36,32
7,36,53
7,45,49
7,49,32
7,49,35
7,49,45
7,49,53
7,53,32
7,53,35
7,53,36
7,53,49
7,0,3
7,0,4
7,0,21
7,0,25
7,0,31
7,0,35
7,3,0
7,3,25
7,4,0
7,4,20
7,4,25
7,4,31
7,4,35
7,20,4
7,21,0
7,21,25
7,25,0
7,25,3
7,25,4
7,25,21
7,25,31
7,25,35
7,31,0
7,31,4
7,31,25
7,31,34
7,31,35
7,31,48
7,31,52
7,34,31
7,34,48
7,34,52
7,35,0
7,35,4
7,35,25
7,35,31
7,48,31
7,48,34
7,48,52
7,52,31
7,52,34
7,52,48
8,21,32
8,21,36
8,26,58
8,32,21
8,36,21
8,58,26
8,0,3
8,0,4
8,0,22
8,0,26
8,0,32
8,0,36
8,3,0
8,3,4
8,3,22
8,3,26
8,3,32
8,3,36
8,4,0
8,4,3
8,4,21
8,4,26
8,4,32
8,4,36
8,4,53
8,4,58
8,21,4
8,22,0
8,22,3
8,22,26
8,26,0
8,26,3
8,26,4
8,26,22
8,26,32
8,26,36
8,32,0
8,32,3
8,32,4
8,32,26
8,32,35
8,32,36
8,32,53
8,32,54
8,32,55
8,32,58
8,35,32
8,35,54
8,35,58
8,36,0
8,36,3
8,36,4
8,36,26
8,36,32
8,36,53
8,36,58
8,53,4
8,53,32
8,53,36
8,54,32
8,54,35
8,55,32
8,58,4
8,58,32
8,58,35
8,58,36
9,0,22
9,0,32
9,0,36
9,3,22
9,3,26
9,4,21
9,4,32
9,4,36
9,4,51
9,21,4
9,22,0
9,22,3
9,26,3
9,32,0
9,32,4
9,32,35
9,32,36
9,32,46
9,32,47
9,32,51
9,35,32
9,35,47
9,35,51
9,36,0
9,36,4
9,36,32
9,36,46
9,36,51
9,43,47
9,46,32
9,46,36
9,46,47
9,47,32
9,47,35
9,47,43
9,47,46
9,47,51
9,51,4
9,51,32
9,51,35
9,51,36
9,51,47
9,0,3
9,0,4
9,0,23
9,0,34
9,0,38
9,3,0
9,4,0
9,4,34
9,4,38
9,23,0
9,34,0
9,34,4
9,34,37
9,34,38
9,34,50
9,34,54
9,37,34
9,37,50
9,37,54
9,38,0
9,38,4
9,38,34
9,38,54
9,45,50
9,50,34
9,50,37
9,50,45
9,54,34
9,54,37
9,54,38
10,0,26
10,4,26
10,26,0
10,26,4
10,32,48
10,32,49
10,32,53
10,35,49
10,35,53
10,48,32
10,48,49
10,49,32
10,49,35
10,49,48
10,49,53
10,53,32
10,53,35
10,53,49
10,0,3
10,0,4
10,0,22
10,0,32
10,0,36
10,3,0
10,3,26
10,4,0
10,4,21
10,4,32
10,4,36
10,21,4
10,21,32
10,21,36
10,22,0
10,26,3
10,32,0
10,32,4
10,32,21
10,32,35
10,32,36
10,32,46
10,32,47
10,32,51
10,35,32
10,35,51
10,36,0
10,36,4
10,36,21
10,36,32
10,36,46
10,36,47
10,46,32
10,46,36
10,46,47
10,47,32
10,47,36
10,47,46
10,51,32
10,51,35
11,0,3
11,0,23
11,0,33
11,0,37
11,3,0
11,3,23
11,3,27
11,4,22
11,4,27
11,4,33
11,4,37
11,4,53
11,16,23
11,22,4
11,22,23
11,22,37
11,22,53
11,23,0
11,23,3
11,23,16
11,23,22
11,27,3
11,27,4
11,33,0
11,33,4
11,33,36
11,33,37
11,33,54
11,33,58
11,36,33
11,36,54
11,36,58
11,37,0
11,37,4
11,37,22
11,37,33
11,37,53
11,37,54
11,37,58
11,48,54
11,53,4
11,53,22
11,53,37
11,54,33
11,54,36
11,54,37
11,54,48
11,58,33
11,58,36
11,58,37
11,0,4
11,0,22
11,0,32
11,0,36
11,3,26
11,4,0
11,4,21
11,4,32
11,4,36
11,4,50
11,16,21
11,16,22
11,21,4
11,21,16
11,21,22
11,21,36
11,21,50
11,22,0
11,22,16
11,22,21
11,26,3
11,32,0
11,32,4
11,32,36
11,32,51
11,35,55
11,36,0
11,36,4
11,36,21
11,36,32
11,36,50
11,36,51
11,46,51
11,50,4
11,50,21
11,50,36
11,50,51
11,51,32
11,51,36
11,51,46
11,51,50
11,55,35
12,0,23
12,0,33
12,0,37
12,3,23
12,3,27
12,3,33
12,3,37
12,4,27
12,4,33
12,4,37
12,4,55
12,23,0
12,23,3
12,27,3
12,27,4
12,33,0
12,33,3
12,33,4
12,33,36
12,33,37
12,33,51
12,33,55
12,36,33
12,36,55
12,37,0
12,37,3
12,37,4
12,37,33
12,37,55
12,51,33
12,55,4
12,55,33
12,55,36
12,55,37
12,0,3
12,0,4
12,0,21
12,0,31
12,0,35
12,3,0
12,3,4
12,3,21
12,3,25
12,3,31
12,4,0
12,4,3
12,4,25
12,4,31
12,4,35
12,21,0
12,21,3
12,25,3
12,25,4
12,31,0
12,31,3
12,31,4
12,31,34
12,31,35
12,31,52
12,31,56
12,34,31
12,34,56
12,35,0
12,35,4
12,35,31
12,35,56
12,52,31
12,56,31
12,56,34
12,56,35
13,0,21
13,0,25
13,0,31
13,3,4
13,3,21
13,3,25
13,3,31
13,4,3
13,4,25
13,4,31
13,4,35
13,21,0
13,21,3
13,25,0
13,25,3
13,25,4
13,31,0
13,31,3
13,31,4
13,31,34
13,31,35
13,31,47
13,31,48
13,31,49
13,31,52
13,34,31
13,34,52
13,35,4
13,35,31
13,47,31
13,48,31
13,48,52
13,49,31
13,52,31
13,52,34
13,52,48
13,0,3
13,0,22
13,0,26
13,3,0
13,3,22
13,3,26
13,4,26
13,4,32
13,4,36
13,22,0
13,22,3
13,26,0
13,26,3
13,26,4
13,32,4
13,32,35
13,32,36
13,32,48
13,32,49
13,32,53
13,35,32
13,35,53
13,36,4
13,36,32
13,48,32
13,49,32
13,53,32
13,53,35
14,0,21
14,0,26
14,0,32
14,0,36
14,3,22
14,3,26
14,4,21
14,4,26
14,4,32
14,4,36
14,21,0
14,21,4
14,21,32
14,21,36
14,22,3
14,26,0
14,26,3
14,26,4
14,26,32
14,26,36
14,32,0
14,32,4
14,32,21
14,32,26
14,32,35
14,32,36
14,32,47
14,32,48
14,32,52
14,35,32
14,35,48
14,35,52
14,36,0
14,36,4
14,36,21
14,36,26
14,36,32
14,36,47
14,47,32
14,47,36
14,48,32
14,48,35
14,48,52
14,52,32
14,52,35
14,52,48
14,0,3
14,0,4
14,0,22
14,0,23
14,0,27
14,0,33
14,0,37
14,3,0
14,3,23
14,3,27
14,4,0
14,4,22
14,4,27
14,4,33
14,4,37
14,4,52
14,16,23
14,22,0
14,22,4
14,22,27
14,22,33
14,22,37
14,23,0
14,23,3
14,23,16
14,26,27
14,27,0
14,27,3
14,27,4
14,27,22
14,27,26
14,27,33
14,27,37
14,33,0
14,33,4
14,33,22
14,33,27
14,33,36
14,33,37
14,33,52
14,33,53
14,33,57
14,36,33
14,36,53
14,36,57
14,37,0
14,37,4
14,37,22
14,37,27
14,37,33
14,37,52
14,37,57
14,52,4
14,52,33
14,52,37
14,53,33
14,53,36
14,53,57
14,57,33
14,57,36
14,57,37
14,57,53
15,0,54
15,3,22
15,3,23
15,22,3
15,23,3
15,27,37
15,33,36
15,36,33
15,36,37
15,37,27
15,37,36
15,54,0
15,0,3
15,0,4
15,0,22
15,0,33
15,0,37
15,3,0
15,3,4
15,3,27
15,3,33
15,3,37
15,4,0
15,4,3
15,4,22
15,4,27
15,4,33
15,4,37
15,4,54
15,4,55
15,4,59
15,22,0
15,22,4
15,22,33
15,22,37
15,22,54
15,27,3
15,27,4
15,33,0
15,33,3
15,33,4
15,33,22
15,33,37
15,33,54
15,33,55
15,33,59
15,36,59
15,37,0
15,37,3
15,37,4
15,37,22
15,37,33
15,37,54
15,37,55
15,37,59
15,54,4
15,54,22
15,54,33
15,54,37
15,55,4
15,55,33
15,55,37
15,59,4
15,59,33
15,59,36
15,59,37
16,0,22
16,0,32
16,0,36
16,3,26
16,4,32
16,4,36
16,4,53
16,22,0
16,26,3
16,32,0
16,32,4
16,32,36
16,32,44
16,32,48
16,32,49
16,32,53
16,35,53
16,36,0
16,36,4
16,36,32
16,44,32
16,48,32
16,49,32
16,49,53
16,53,4
16,53,32
16,53,35
16,53,49
16,0,3
16,0,4
16,0,23
16,0,33
16,0,37
16,3,0
16,3,27
16,4,0
16,4,33
16,4,37
16,23,0
16,27,3
16,33,0
16,33,4
16,33,37
16,33,44
16,33,48
16,33,49
16,33,53
16,36,53
16,37,0
16,37,4
16,37,33
16,37,53
16,44,33
16,44,48
16,44,49
16,48,33
16,48,44
16,48,49
16,49,33
16,49,44
16,49,48
16,53,33
16,53,36
16,53,37
17,0,22
17,0,33
17,0,37
17,3,22
17,3,26
17,4,21
17,4,33
17,4,37
17,4,59
17,21,4
17,21,37
17,22,0
17,22,3
17,26,3
17,33,0
17,33,4
17,33,37
17,33,55
17,33,59
17,36,59
17,37,0
17,37,4
17,37,21
17,37,33
17,37,59
17,55,33
17,59,4
17,59,33
17,59,36
17,59,37
17,0,3
17,0,4
17,0,21
17,0,25
17,0,32
17,0,36
17,3,0
17,3,21
17,3,25
17,4,0
17,4,20
17,4,25
17,4,32
17,4,36
17,4,53
17,4,58
17,20,4
17,20,36
17,21,0
17,21,3
17,24,25
17,25,0
17,25,3
17,25,4
17,25,24
17,32,0
17,32,4
17,32,35
17,32,36
17,32,54
17,32,58
17,35,32
17,35,54
17,35,58
17,36,0
17,36,4
17,36,20
17,36,32
17,36,53
17,36,58
17,53,4
17,53,36
17,54,32
17,54,35
17,58,4
17,58,32
17,58,35
17,58,36
18,0,20
18,0,21
18,0,31
18,0,35
18,0,53
18,3,21
18,3,25
18,3,31
18,3,35
18,4,20
18,4,31
18,4,35
18,4,53
18,4,54
18,20,0
18,20,4
18,20,31
18,20,35
18,20,53
18,20,54
18,21,0
18,21,3
18,25,3
18,31,0
18,31,3
18,31,4
18,31,20
18,31,35
18,31,47
18,31,53
18,31,54
18,35,0
18,35,3
18,35,4
18,35,20
18,35,31
18,35,47
18,35,53
18,35,54
18,47,31
18,47,35
18,47,53
18,53,0
18,53,4
18,53,20
18,53,31
18,53,35
18,53,47
18,53,54
18,54,4
18,54,20
18,54,31
18,54,35
18,54,53
18,0,3
18,0,4
18,0,22
18,0,23
18,0,33
18,0,37
18,3,0
18,3,4
18,3,27
18,3,37
18,4,0
18,4,3
18,4,22
18,4,33
18,4,37
18,4,51
18,4,52
18,22,0
18,22,4
18,22,33
18,22,37
18,22,51
18,22,52
18,23,0
18,27,3
18,33,0
18,33,4
18,33,22
18,33,36
18,33,37
18,33,51
18,33,52
18,33,53
18,33,56
18,36,33
18,36,56
18,37,0
18,37,3
18,37,4
18,37,22
18,37,33
18,37,51
18,37,52
18,37,56
18,51,4
18,51,22
18,51,33
18,51,37
18,51,52
18,52,4
18,52,22
18,52,33
18,52,37
18,52,51
18,53,33
18,56,33
18,56,36
18,56,37
19,0,33
19,0,37
19,4,33
19,4,37
19,33,0
19,33,4
19,33,37
19,33,49
19,33,50
19,33,54
19,37,0
19,37,4
19,37,33
19,37,49
19,44,50
19,49,33
19,49,37
19,49,50
19,50,33
19,50,44
19,50,49
19,54,33
19,0,3
19,0,4
19,0,23
19,0,34
19,0,38
19,3,0
19,3,23
19,3,27
19,4,0
19,4,34
19,4,38
19,23,0
19,23,3
19,27,3
19,34,0
19,34,4
19,34,38
19,34,49
19,34,52
19,34,53
19,34,57
19,37,57
19,38,0
19,38,4
19,38,34
19,38,52
19,38,57
19,49,34
19,52,34
19,52,38
19,53,34
19,57,34
19,57,37
19,57,38
20,0,3
20,0,4
20,0,20
20,0,24
20,0,30
20,0,34
20,3,0
20,3,4
20,3,19
20,3,20
20,3,24
20,4,0
20,4,3
20,4,19
20,4,24
20,4,30
20,4,34
20,4,51
20,19,3
20,19,4
20,19,24
20,19,30
20,19,34
20,20,0
20,20,3
20,20,24
20,24,0
20,24,3
20,24,4
20,24,19
20,24,20
20,30,0
20,30,4
20,30,19
20,30,34
20,30,51
20,30,52
20,30,56
20,34,0
20,34,4
20,34,19
20,34,30
20,34,51
20,34,56
20,46,52
20,51,4
20,51,30
20,51,34
20,52,30
20,52,46
20,56,30
20,56,34
21,0,16
21,16,0
21,16,21
21,21,16
21,26,32
21,26,36
21,32,26
21,32,50
21,32,51
21,36,26
21,36,49
21,49,36
21,50,32
21,51,32
21,0,3
21,0,4
21,0,22
21,0,32
21,0,36
21,3,0
21,3,22
21,3,26
21,4,0
21,4,21
21,4,26
21,4,32
21,4,36
21,4,52
21,16,22
21,21,4
21,21,32
21,21,36
21,22,0
21,22,3
21,22,16
21,26,3
21,26,4
21,32,0
21,32,4
21,32,21
21,32,36
21,32,48
21,32,52
21,32,53
21,32,57
21,35,57
21,36,0
21,36,4
21,36,21
21,36,32
21,36,52
21,48,32
21,48,53
21,52,4
21,52,32
21,52,36
21,53,32
21,53,48
21,57,32
21,57,35
22,0,3
22,0,23
22,0,33
22,3,0
22,3,23
22,3,27
22,4,33
22,4,37
22,23,0
22,23,3
22,27,3
22,33,0
22,33,4
22,33,36
22,33,37
22,33,47
22,33,51
22,36,33
22,36,47
22,36,51
22,37,4
22,37,33
22,47,33
22,47,36
22,47,51
22,51,33
22,51,36
22,51,47
22,0,4
22,0,16
22,0,22
22,0,32
22,3,26
22,4,0
22,4,32
22,4,36
22,16,0
22,16,22
22,22,0
22,22,16
22,26,3
22,32,0
22,32,4
22,32,35
22,32,36
22,32,46
22,32,50
22,35,32
22,35,46
22,35,50
22,36,4
22,36,32
22,46,32
22,46,35
22,46,50
22,50,32
22,50,35
22,50,46
23,0,20
23,0,30
23,3,20
23,3,24
23,3,30
23,3,34
23,4,19
23,4,30
23,4,48
23,19,4
23,19,30
23,19,34
23,20,0
23,20,3
23,24,3
23,30,0
23,30,3
23,30,4
23,30,19
23,30,34
23,30,48
23,30,49
23,34,3
23,34,19
23,34,30
23,34,48
23,48,4
23,48,30
23,48,34
23,49,30
23,0,3
23,0,4
23,0,23
23,0,34
23,0,38
23,3,0
23,3,4
23,3,27
23,4,0
23,4,3
23,4,22
23,4,34
23,4,38
23,4,49
23,4,50
23,22,4
23,22,34
23,22,38
23,23,0
23,27,3
23,34,0
23,34,4
23,34,22
23,34,38
23,34,49
23,34,50
23,37,54
23,38,0
23,38,4
23,38,22
23,38,34
23,38,49
23,38,50
23,49,4
23,49,34
23,49,38
23,49,50
23,50,4
23,50,34
23,50,38
23,50,49
23,54,37
24,0,27
24,3,23
24,4,27
24,4,55
24,22,33
24,22,37
24,23,3
24,27,0
24,27,4
24,33,22
24,33,50
24,33,51
24,33,55
24,36,55
24,37,22
24,37,50
24,37,55
24,50,33
24,50,37
24,50,51
24,50,55
24,51,33
24,51,50
24,51,55
24,55,4
24,55,33
24,55,36
24,55,37
24,55,50
24,55,51
24,0,3
24,0,4
24,0,23
24,0,33
24,0,37
24,3,0
24,3,27
24,4,0
24,4,22
24,4,33
24,4,37
24,22,4
24,23,0
24,27,3
24,33,0
24,33,4
24,33,37
24,33,52
24,33,53
24,33,57
24,36,57
24,37,0
24,37,4
24,37,33
24,37,52
24,37,57
24,52,33
24,52,37
24,52,53
24,52,57
24,53,33
24,53,52
24,53,57
24,57,33
24,57,36
24,57,37
24,57,52
24,57,53
25,0,26
25,3,4
25,3,32
25,3,35
25,4,3
25,4,26
25,26,0
25,26,4
25,32,3
25,35,3
25,0,3
25,0,4
25,0,22
25,0,32
25,0,35
25,3,0
25,3,22
25,3,26
25,4,0
25,4,21
25,4,32
25,4,35
25,4,47
25,21,4
25,21,32
25,21,35
25,22,0
25,22,3
25,22,26
25,26,3
25,26,22
25,32,0
25,32,4
25,32,21
25,32,35
25,32,46
25,32,47
25,32,51
25,34,35
25,34,47
25,34,51
25,35,0
25,35,4
25,35,21
25,35,32
25,35,34
25,35,46
25,35,47
25,35,51
25,46,32
25,46,35
25,46,47
25,47,4
25,47,32
25,47,34
25,47,35
25,47,46
25,47,51
25,51,32
25,51,34
25,51,35
25,51,47
26,4,26
26,26,4
26,26,32
26,26,36
26,32,26
26,32,52
26,32,56
26,35,56
26,36,26
26,52,32
26,56,32
26,56,35
26,0,4
26,0,21
26,0,22
26,0,32
26,0,36
26,3,26
26,4,0
26,4,21
26,4,32
26,4,36
26,4,53
26,21,0
26,21,4
26,21,32
26,21,36
26,21,53
26,22,0
26,26,3
26,32,0
26,32,4
26,32,21
26,32,36
26,32,53
26,32,54
26,32,58
26,36,0
26,36,4
26,36,21
26,36,32
26,36,53
26,36,54
26,53,4
26,53,21
26,53,32
26,53,36
26,53,54
26,54,32
26,54,36
26,54,53
26,58,32
27,0,16
27,0,22
27,0,32
27,0,36
27,3,26
27,4,21
27,4,32
27,4,36
27,4,53
27,4,54
27,16,0
27,16,22
27,21,4
27,21,22
27,21,32
27,21,36
27,22,0
27,22,16
27,22,21
27,26,3
27,32,0
27,32,4
27,32,21
27,32,36
27,32,48
27,32,53
27,32,54
27,35,54
27,35,58
27,36,0
27,36,4
27,36,21
27,36,32
27,36,53
27,36,54
27,48,32
27,48,54
27,53,4
27,53,32
27,53,36
27,53,54
27,54,4
27,54,32
27,54,35
27,54,36
27,54,48
27,54,53
27,58,35
27,0,4
27,0,20
27,0,21
27,0,31
27,0,35
27,3,4
27,4,0
27,4,3
27,4,20
27,4,31
27,4,35
27,4,51
27,4,52
27,16,21
27,20,0
27,20,4
27,20,21
27,20,31
27,20,35
27,20,51
27,21,0
27,21,16
27,21,20
27,31,0
27,31,4
27,31,20
27,31,35
27,31,47
27,31,51
27,31,52
27,35,0
27,35,4
27,35,20
27,35,31
27,35,51
27,35,52
27,47,31
27,47,52
27,51,4
27,51,20
27,51,31
27,51,35
27,51,52
27,52,4
27,52,31
27,52,35
27,52,47
27,52,51
28,0,25
28,0,31
28,0,35
28,4,31
28,4,35
28,4,51
28,4,52
28,20,31
28,20,35
28,20,51
28,25,0
28,31,0
28,31,4
28,31,20
28,31,35
28,31,47
28,31,51
28,31,52
28,35,0
28,35,4
28,35,20
28,35,31
28,35,51
28,35,52
28,47,31
28,47,52
28,51,4
28,51,20
28,51,31
28,51,35
28,51,52
28,52,4
28,52,31
28,52,35
28,52,47
28,52,51
28,52,56
28,56,52
28,0,3
28,0,4
28,0,20
28,0,21
28,0,32
28,0,36
28,3,0
28,3,25
28,4,0
28,4,20
28,4,32
28,4,36
28,4,54
28,4,55
28,20,0
28,20,4
28,20,36
28,21,0
28,25,3
28,32,0
28,32,4
28,32,36
28,32,54
28,32,55
28,32,59
28,36,0
28,36,4
28,36,20
28,36,32
28,36,54
28,36,55
28,54,4
28,54,32
28,54,36
28,54,55
28,55,4
28,55,32
28,55,36
28,55,54
28,55,59
28,59,32
28,59,55
29,3,27
29,27,3
29,33,50
29,37,49
29,45,50
29,49,37
29,50,33
29,50,45
29,0,4
29,0,23
29,0,33
29,4,0
29,4,33
29,4,37
29,23,0
29,33,0
29,33,4
29,33,37
29,33,53
29,33,54
29,37,4
29,37,33
29,53,33
29,54,33
30,21,32
30,21,36
30,32,21
30,32,47
30,36,21
30,36,46
30,36,47
30,46,36
30,47,32
30,47,36
30,0,4
30,0,16
30,0,21
30,0,22
30,0,32
30,0,36
30,3,26
30,4,0
30,4,21
30,4,32
30,4,36
30,16,0
30,16,21
30,16,22
30,21,0
30,21,4
30,21,16
30,22,0
30,22,16
30,26,3
30,32,0
30,32,4
30,32,36
30,32,51
30,36,0
30,36,4
30,36,32
30,51,32
31,0,21
31,0,22
31,0,26
31,0,32
31,0,36
31,3,4
31,3,22
31,3,26
31,3,32
31,3,36
31,4,3
31,4,21
31,4,26
31,4,32
31,4,36
31,4,52
31,4,57
31,21,0
31,21,4
31,21,26
31,21,36
31,22,0
31,22,3
31,26,0
31,26,3
31,26,4
31,26,21
31,26,32
31,26,36
31,32,0
31,32,3
31,32,4
31,32,26
31,32,36
31,32,47
31,32,52
31,32,53
31,32,57
31,35,57
31,36,0
31,36,3
31,36,4
31,36,21
31,36,26
31,36,32
31,36,52
31,36,57
31,47,32
31,47,53
31,52,4
31,52,32
31,52,36
31,52,53
31,53,32
31,53,47
31,53,52
31,57,4
31,57,32
31,57,35
31,57,36
31,0,3
31,0,4
31,0,23
31,0,33
31,0,37
31,3,0
31,3,27
31,4,0
31,4,22
31,4,33
31,4,37
31,4,51
31,4,56
31,22,4
31,22,37
31,23,0
31,27,3
31,33,0
31,33,4
31,33,37
31,33,47
31,33,51
31,33,52
31,33,56
31,36,56
31,37,0
31,37,4
31,37,22
31,37,33
31,37,51
31,37,56
31,47,33
31,47,52
31,51,4
31,51,33
31,51,37
31,51,52
31,51,56
31,52,33
31,52,47
31,52,51
31,52,56
31,56,4
31,56,33
31,56,36
31,56,37
31,56,51
31,56,52
32,0,21
32,3,4
32,3,32
32,3,36
32,4,3
32,4,51
32,21,0
32,21,51
32,32,3
32,32,51
32,32,52
32,35,56
32,36,3
32,36,51
32,36,52
32,36,56
32,51,4
32,51,21
32,51,32
32,51,36
32,51,52
32,52,32
32,52,36
32,52,51
32,56,35
32,56,36
32,0,3
32,0,4
32,0,22
32,0,32
32,0,36
32,3,0
32,3,22
32,3,26
32,4,0
32,4,21
32,4,26
32,4,32
32,4,36
32,21,4
32,21,32
32,21,36
32,22,0
32,22,3
32,22,26
32,26,3
32,26,4
32,26,22
32,26,36
32,32,0
32,32,4
32,32,21
32,32,36
32,32,48
32,35,48
32,35,52
32,36,0
32,36,4
32,36,21
32,36,26
32,36,32
32,48,32
32,48,35
32,52,35
33,0,21
33,0,25
33,0,31
33,0,35
33,3,25
33,4,20
33,4,31
33,4,35
33,20,4
33,21,0
33,25,0
33,25,3
33,31,0
33,31,4
33,31,35
33,31,42
33,31,46
33,31,47
33,31,51
33,35,0
33,35,4
33,35,31
33,42,31
33,42,47
33,46,31
33,46,47
33,47,31
33,47,42
33,47,46
33,51,31
33,0,3
33,0,4
33,0,22
33,0,26
33,0,32
33,0,36
33,3,0
33,3,22
33,3,26
33,4,0
33,4,21
33,4,32
33,4,36
33,16,22
33,21,4
33,22,0
33,22,3
33,22,16
33,22,26
33,26,0
33,26,3
33,26,22
33,32,0
33,32,4
33,32,36
33,32,45
33,32,47
33,32,48
33,32,52
33,36,0
33,36,4
33,36,32
33,36,47
33,45,32
33,45,47
33,45,48
33,47,32
33,47,36
33,47,45
33,47,48
33,48,32
33,48,45
33,48,47
33,52,32
34,0,22
34,0,26
34,0,32
34,0,36
34,3,22
34,3,26
34,4,21
34,4,32
34,4,36
34,16,22
34,21,4
34,21,36
34,22,0
34,22,3
34,22,16
34,26,0
34,26,3
34,32,0
34,32,4
34,32,35
34,32,36
34,32,50
34,32,54
34,35,32
34,35,50
34,35,54
34,36,0
34,36,4
34,36,21
34,36,32
34,50,32
34,50,35
34,54,32
34,54,35
34,0,3
34,0,4
34,0,16
34,0,21
34,0,25
34,0,31
34,0,35
34,3,0
34,3,25
34,4,0
34,4,20
34,4,31
34,4,35
34,16,0
34,16,21
34,20,4
34,21,0
34,21,16
34,25,0
34,25,3
34,31,0
34,31,4
34,31,34
34,31,35
34,31,50
34,31,54
34,34,31
34,34,46
34,34,50
34,34,54
34,35,0
34,35,4
34,35,31
34,45,50
34,46,34
34,46,54
34,50,31
34,50,34
34,50,45
34,50,54
34,54,31
34,54,34
34,54,46
34,54,50
35,0,22
35,0,26
35,0,32
35,0,36
35,3,26
35,4,21
35,4,32
35,4,36
35,21,4
35,22,0
35,26,0
35,26,3
35,32,0
35,32,4
35,32,35
35,32,36
35,32,52
35,32,56
35,35,32
35,35,52
35,36,0
35,36,4
35,36,32
35,36,51
35,36,56
35,51,36
35,52,32
35,52,35
35,52,56
35,55,56
35,56,32
35,56,36
35,56,52
35,56,55
35,0,3
35,0,4
35,0,21
35,0,25
35,0,31
35,0,35
35,3,0
35,3,4
35,3,21
35,3,25
35,3,31
35,3,35
35,4,0
35,4,3
35,4,20
35,4,31
35,4,35
35,4,51
35,4,56
35,20,4
35,21,0
35,21,3
35,25,0
35,25,3
35,31,0
35,31,3
35,31,4
35,31,34
35,31,35
35,31,51
35,31,52
35,31,56
35,34,31
35,34,52
35,34,56
35,35,0
35,35,3
35,35,4
35,35,31
35,35,51
35,35,56
35,51,4
35,51,31
35,51,35
35,52,31
35,52,34
35,56,4
35,56,31
35,56,34
35,56,35
36,4,53
36,21,36
36,23,27
36,27,23
36,36,21
36,36,53
36,53,4
36,53,36
36,0,3
36,0,4
36,0,22
36,0,26
36,0,32
36,0,36
36,3,0
36,3,26
36,4,0
36,4,21
36,4,26
36,4,32
36,4,36
36,21,4
36,22,0
36,26,0
36,26,3
36,26,4
36,32,0
36,32,4
36,32,36
36,32,48
36,32,53
36,32,54
36,32,58
36,35,58
36,36,0
36,36,4
36,36,32
36,48,32
36,48,54
36,53,32
36,54,32
36,54,48
36,58,32
36,58,35
37,0,33
37,0,37
37,4,33
37,4,37
37,4,53
37,33,0
37,33,4
37,33,37
37,33,48
37,33,49
37,33,53
37,33,54
37,33,55
37,37,0
37,37,4
37,37,33
37,37,49
37,37,53
37,48,33
37,49,33
37,49,37
37,49,54
37,53,4
37,53,33
37,53,37
37,54,33
37,54,49
37,55,33
37,0,4
37,0,23
37,0,34
37,0,38
37,3,27
37,4,0
37,4,22
37,4,34
37,4,38
37,4,51
37,4,56
37,22,4
37,23,0
37,27,3
37,34,0
37,34,4
37,34,38
37,34,50
37,34,51
37,34,56
37,34,57
37,34,58
37,37,61
37,38,0
37,38,4
37,38,34
37,38,51
37,38,56
37,50,34
37,51,4
37,51,34
37,51,38
37,51,56
37,51,57
37,56,4
37,56,34
37,56,38
37,56,51
37,57,34
37,57,51
37,58,34
37,61,37
38,0,23
38,0,27
38,0,33
38,0,37
38,3,23
38,3,27
38,4,22
38,4,27
38,4,33
38,4,37
38,22,4
38,23,0
38,23,3
38,23,27
38,27,0
38,27,3
38,27,4
38,27,23
38,33,0
38,33,4
38,33,36
38,33,37
38,33,46
38,33,47
38,36,33
38,36,46
38,37,0
38,37,4
38,37,33
38,37,45
38,37,46
38,45,37
38,46,33
38,46,36
38,46,37
38,47,33
38,0,3
38,0,4
38,0,22
38,0,26
38,0,32
38,0,36
38,3,0
38,3,26
38,4,0
38,4,21
38,4,32
38,4,36
38,21,4
38,22,0
38,26,0
38,26,3
38,32,0
38,32,4
38,32,35
38,32,36
38,32,50
38,32,54
38,35,32
38,35,50
38,35,54
38,36,0
38,36,4
38,36,32
38,36,50
38,36,54
38,50,32
38,50,35
38,50,36
38,54,32
38,54,35
38,54,36
39,0,20
39,0,31
39,0,35
39,3,4
39,4,3
39,4,20
39,4,31
39,4,35
39,4,50
39,4,51
39,20,0
39,20,4
39,20,21
39,20,31
39,20,35
39,20,50
39,21,20
39,31,0
39,31,4
39,31,20
39,31,35
39,31,50
39,31,51
39,35,0
39,35,4
39,35,20
39,35,31
39,35,50
39,35,51
39,50,4
39,50,20
39,50,31
39,50,35
39,50,51
39,51,4
39,51,31
39,51,35
39,51,50
39,0,4
39,0,21
39,0,22
39,0,32
39,0,36
39,4,0
39,4,21
39,4,32
39,4,36
39,4,52
39,16,22
39,21,0
39,21,4
39,21,22
39,21,32
39,21,36
39,21,52
39,22,0
39,22,16
39,22,21
39,32,0
39,32,4
39,32,21
39,32,36
39,32,52
39,32,53
39,36,0
39,36,4
39,36,21
39,36,32
39,36,52
39,52,4
39,52,21
39,52,32
39,52,36
39,53,32
40,0,21
40,0,22
40,0,26
40,0,32
40,0,36
40,3,22
40,3,26
40,4,21
40,4,26
40,4,32
40,4,36
40,21,0
40,21,4
40,21,32
40,21,36
40,22,0
40,22,3
40,26,0
40,26,3
40,26,4
40,32,0
40,32,4
40,32,21
40,32,35
40,32,36
40,32,48
40,32,49
40,32,53
40,35,32
40,35,53
40,36,0
40,36,4
40,36,21
40,36,32
40,36,48
40,48,32
40,48,36
40,49,32
40,53,32
40,53,35
40,0,3
40,0,4
40,0,23
40,0,27
40,0,33
40,0,37
40,3,0
40,3,23
40,3,27
40,4,0
40,4,22
40,4,27
40,4,33
40,4,37
40,4,52
40,22,4
40,22,33
40,22,37
40,22,52
40,23,0
40,23,3
40,23,27
40,27,0
40,27,3
40,27,4
40,27,23
40,33,0
40,33,4
40,33,22
40,33,37
40,33,52
40,33,53
40,33,57
40,36,57
40,37,0
40,37,4
40,37,22
40,37,33
40,37,52
40,52,4
40,52,22
40,52,33
40,52,37
40,53,33
40,57,33
40,57,36
41,0,23
41,0,33
41,0,37
41,3,33
41,3,37
41,4,22
41,4,33
41,4,37
41,4,53
41,22,4
41,23,0
41,33,0
41,33,3
41,33,4
41,33,36
41,33,37
41,33,49
41,33,53
41,36,33
41,36,53
41,37,0
41,37,3
41,37,4
41,37,33
41,37,49
41,37,53
41,49,33
41,49,37
41,53,4
41,53,33
41,53,36
41,53,37
41,0,3
41,0,4
41,0,22
41,0,32
41,0,36
41,3,0
41,3,26
41,4,0
41,4,32
41,4,36
41,4,52
41,22,0
41,26,3
41,32,0
41,32,4
41,32,35
41,32,36
41,32,48
41,32,52
41,35,32
41,35,48
41,35,52
41,36,0
41,36,4
41,36,32
41,36,52
41,48,32
41,48,35
41,48,52
41,52,4
41,52,32
41,52,35
41,52,36
41,52,48
42,0,26
42,26,0
42,32,44
42,32,48
42,32,52
42,36,47
42,44,32
42,44,48
42,47,36
42,48,32
42,48,44
42,52,32
42,0,3
42,0,4
42,0,22
42,0,32
42,0,36
42,3,0
42,3,22
42,3,26
42,4,0
42,4,21
42,4,26
42,4,32
42,4,36
42,21,4
42,22,0
42,22,3
42,26,3
42,26,4
42,32,0
42,32,4
42,32,36
42,32,43
42,32,46
42,32,47
42,36,0
42,36,4
42,36,32
42,36,46
42,43,32
42,43,47
42,46,32
42,46,36
42,47,32
42,47,43
43,0,23
43,0,34
43,0,38
43,3,23
43,3,27
43,3,34
43,3,38
43,4,22
43,4,27
43,4,34
43,4,38
43,4,59
43,22,4
43,22,34
43,22,38
43,23,0
43,23,3
43,23,27
43,27,3
43,27,4
43,27,23
43,27,34
43,27,38
43,34,0
43,34,3
43,34,4
43,34,22
43,34,27
43,34,37
43,34,38
43,34,55
43,34,59
43,37,34
43,37,59
43,38,0
43,38,3
43,38,4
43,38,22
43,38,27
43,38,34
43,38,59
43,55,34
43,59,4
43,59,34
43,59,37
43,59,38
43,0,3
43,0,4
43,0,22
43,0,26
43,0,33
43,0,37
43,3,0
43,3,4
43,3,22
43,3,26
43,3,33
43,3,37
43,3,54
43,4,0
43,4,3
43,4,21
43,4,26
43,4,33
43,4,37
43,4,54
43,21,4
43,22,0
43,22,3
43,22,26
43,25,26
43,26,0
43,26,3
43,26,4
43,26,22
43,26,25
43,26,33
43,26,37
43,26,54
43,33,0
43,33,3
43,33,4
43,33,26
43,33,36
43,33,37
43,33,50
43,33,54
43,36,33
43,36,54
43,37,0
43,37,3
43,37,4
43,37,26
43,37,33
43,37,49
43,37,54
43,49,37
43,50,33
43,50,54
43,54,3
43,54,4
43,54,26
43,54,33
43,54,36
43,54,37
43,54,50
44,0,23
44,0,27
44,0,33
44,3,23
44,3,27
44,3,33
44,4,22
44,4,27
44,4,33
44,22,4
44,22,27
44,23,0
44,23,3
44,26,27
44,27,0
44,27,3
44,27,4
44,27,22
44,27,26
44,27,33
44,27,36
44,33,0
44,33,3
44,33,4
44,33,27
44,33,35
44,33,36
44,33,47
44,33,51
44,35,33
44,35,47
44,35,51
44,36,27
44,36,33
44,36,51
44,47,33
44,47,35
44,47,51
44,50,51
44,51,33
44,51,35
44,51,36
44,51,47
44,51,50
44,0,3
44,0,4
44,0,22
44,0,26
44,0,32
44,0,36
44,3,0
44,3,4
44,3,22
44,3,26
44,3,32
44,4,0
44,4,3
44,4,21
44,4,26
44,4,32
44,4,36
44,4,52
44,21,4
44,21,26
44,22,0
44,22,3
44,22,26
44,25,26
44,26,0
44,26,3
44,26,4
44,26,21
44,26,22
44,26,25
44,26,32
44,26,36
44,32,0
44,32,3
44,32,4
44,32,26
44,32,35
44,32,36
44,32,48
44,32,52
44,35,32
44,35,48
44,35,52
44,36,0
44,36,4
44,36,26
44,36,32
44,36,52
44,48,32
44,48,35
44,48,52
44,51,52
44,52,4
44,52,32
44,52,35
44,52,36
44,52,48
44,52,51
45,0,30
45,0,35
45,0,39
45,4,35
45,4,39
45,17,23
45,17,24
45,23,17
45,23,35
45,23,39
45,24,17
45,30,0
45,35,0
45,35,4
45,35,23
45,35,39
45,35,55
45,38,55
45,38,59
45,39,0
45,39,4
45,39,23
45,39,35
45,55,35
45,55,38
45,59,38
45,0,3
45,0,4
45,0,17
45,0,23
45,0,24
45,0,28
45,0,34
45,0,38
45,3,0
45,3,28
45,4,0
45,4,23
45,4,34
45,4,38
45,17,0
45,23,0
45,23,4
45,23,34
45,23,38
45,24,0
45,28,0
45,28,3
45,34,0
45,34,4
45,34,23
45,34,38
45,34,55
45,38,0
45,38,4
45,38,23
45,38,34
45,55,34
46,0,16
46,0,21
46,0,26
46,4,21
46,4,50
46,16,0
46,16,22
46,21,0
46,21,4
46,22,16
46,26,0
46,32,50
46,32,51
46,35,54
46,36,50
46,48,51
46,50,4
46,50,32
46,50,36
46,51,32
46,51,48
46,54,35
46,0,3
46,0,4
46,0,22
46,0,32
46,0,36
46,3,0
46,3,22
46,3,26
46,4,0
46,4,32
46,4,36
46,22,0
46,22,3
46,26,3
46,32,0
46,32,4
46,32,35
46,32,36
46,32,47
46,32,52
46,32,53
46,32,54
46,32,57
46,35,32
46,35,57
46,36,0
46,36,4
46,36,32
46,36,52
46,36,57
46,47,32
46,47,53
46,52,32
46,52,36
46,53,32
46,53,47
46,53,57
46,54,32
46,57,32
46,57,35
46,57,36
46,57,53
47,0,21
47,0,32
47,0,36
47,3,26
47,4,21
47,4,32
47,4,36
47,21,0
47,21,4
47,21,32
47,21,36
47,26,3
47,32,0
47,32,4
47,32,21
47,32,36
47,32,49
47,32,54
47,32,55
47,36,0
47,36,4
47,36,21
47,36,32
47,36,54
47,36,55
47,49,32
47,54,32
47,54,36
47,54,55
47,55,32
47,55,36
47,55,54
47,0,4
47,0,22
47,0,23
47,0,33
47,0,37
47,4,0
47,4,22
47,4,23
47,4,33
47,4,37
47,4,54
47,4,55
47,22,0
47,22,4
47,22,23
47,22,33
47,22,37
47,23,0
47,23,4
47,23,22
47,23,33
47,33,0
47,33,4
47,33,22
47,33,23
47,33,37
47,33,49
47,33,54
47,33,55
47,37,0
47,37,4
47,37,22
47,37,33
47,37,54
47,37,55
47,49,33
47,49,55
47,54,4
47,54,33
47,54,37
47,55,4
47,55,33
47,55,37
47,55,49
48,23,27
48,27,23
48,0,3
48,0,4
48,0,23
48,0,27
48,0,33
48,3,0
48,3,23
48,3,27
48,4,0
48,4,33
48,4,37
48,23,0
48,23,3
48,27,0
48,27,3
48,33,0
48,33,4
48,33,36
48,33,37
48,33,50
48,33,54
48,36,33
48,36,50
48,36,54
48,37,4
48,37,33
48,37,54
48,50,33
48,50,36
48,50,54
48,54,33
48,54,36
48,54,37
48,54,50
49,0,3
49,0,4
49,0,16
49,0,22
49,0,23
49,0,33
49,3,0
49,3,27
49,4,0
49,4,33
49,4,37
49,16,0
49,16,23
49,22,0
49,23,0
49,23,16
49,27,3
49,33,0
49,33,4
49,33,36
49,33,37
49,33,50
49,36,33
49,36,50
49,36,54
49,37,4
49,37,33
49,46,50
49,50,33
49,50,36
49,50,46
49,54,36
49,14,17
49,14,30
49,14,31
49,16,30
49,16,34
49,17,14
49,30,14
49,30,16
49,31,14
49,34,16
50,0,3
50,3,0
50,3,4
50,3,34
50,3,38
50,4,3
50,4,52
50,23,52
50,24,34
50,34,3
50,34,24
50,34,52
50,38,3
50,38,52
50,52,4
50,52,23
50,52,34
50,52,38
50,52,53
50,53,52
50,0,4
50,0,17
50,0,23
50,0,24
50,0,34
50,0,38
50,3,24
50,3,28
50,4,0
50,4,23
50,4,34
50,4,38
50,4,53
50,4,54
50,17,0
50,17,23
50,17,24
50,23,0
50,23,4
50,23,17
50,23,24
50,23,34
50,23,38
50,23,53
50,24,0
50,24,3
50,24,17
50,24,23
50,28,3
50,34,0
50,34,4
50,34,23
50,34,38
50,34,53
50,34,54
50,38,0
50,38,4
50,38,23
50,38,34
50,38,53
50,38,54
50,53,4
50,53,23
50,53,34
50,53,38
50,53,54
50,54,4
50,54,34
50,54,38
50,54,53
51,0,22
51,0,23
51,0,33
51,0,37
51,3,23
51,3,27
51,3,33
51,4,22
51,4,27
51,4,33
51,4,37
51,22,0
51,22,4
51,22,33
51,22,37
51,22,49
51,23,0
51,23,3
51,27,3
51,27,4
51,27,33
51,27,37
51,33,0
51,33,3
51,33,4
51,33,22
51,33,27
51,33,36
51,33,37
51,33,49
51,33,50
51,33,54
51,36,33
51,36,50
51,36,54
51,37,0
51,37,4
51,37,22
51,37,27
51,37,33
51,37,49
51,37,54
51,49,22
51,49,33
51,49,37
51,50,33
51,50,36
51,54,33
51,54,36
51,54,37
51,0,3
51,0,4
51,0,20
51,0,21
51,0,31
51,0,35
51,0,49
51,3,0
51,3,4
51,3,20
51,3,21
51,3,25
51,3,31
51,3,35
51,3,49
51,4,0
51,4,3
51,4,20
51,4,25
51,4,31
51,4,34
51,4,35
51,4,49
51,4,50
51,4,54
51,20,0
51,20,3
51,20,4
51,20,31
51,20,35
51,20,49
51,21,0
51,21,3
51,25,3
51,25,4
51,31,0
51,31,3
51,31,4
51,31,20
51,31,34
51,31,35
51,31,49
51,31,50
51,31,51
51,31,54
51,34,4
51,34,31
51,34,35
51,34,50
51,34,54
51,35,0
51,35,3
51,35,4
51,35,20
51,35,31
51,35,34
51,35,49
51,35,54
51,49,0
51,49,3
51,49,4
51,49,20
51,49,31
51,49,35
51,49,50
51,50,4
51,50,31
51,50,34
51,50,49
51,50,54
51,51,31
51,54,4
51,54,31
51,54,34
51,54,35
51,54,50
52,0,23
52,0,33
52,3,23
52,3,27
52,3,33
52,4,22
52,4,27
52,4,33
52,21,23
52,22,4
52,22,37
52,23,0
52,23,3
52,23,21
52,23,27
52,27,3
52,27,4
52,27,23
52,27,37
52,33,0
52,33,3
52,33,4
52,33,36
52,33,37
52,33,49
52,36,33
52,37,22
52,37,27
52,37,33
52,37,49
52,49,33
52,49,37
52,0,3
52,0,4
52,0,24
52,0,34
52,0,37
52,3,0
52,3,4
52,3,24
52,3,28
52,3,34
52,3,37
52,4,0
52,4,3
52,4,23
52,4,28
52,4,34
52,4,37
52,22,24
52,23,4
52,23,34
52,23,37
52,24,0
52,24,3
52,24,22
52,28,3
52,28,4
52,28,37
52,34,0
52,34,3
52,34,4
52,34,23
52,34,36
52,34,37
52,34,49
52,34,53
52,36,34
52,36,49
52,36,53
52,37,0
52,37,3
52,37,4
52,37,23
52,37,28
52,37,34
52,37,48
52,37,53
52,48,37
52,49,34
52,49,36
52,53,34
52,53,36
52,53,37
53,0,15
53,15,0
53,15,21
53,21,15
53,31,40
53,31,46
53,31,52
53,31,53
53,34,56
53,35,51
53,40,31
53,46,31
53,51,35
53,52,31
53,53,31
53,55,56
53,56,34
53,56,55
53,0,4
53,0,16
53,0,20
53,0,21
53,0,31
53,0,35
53,3,25
53,4,0
53,4,20
53,4,31
53,4,35
53,16,0
53,16,21
53,20,0
53,20,4
53,20,21
53,20,31
53,20,35
53,21,0
53,21,16
53,21,20
53,22,26
53,25,3
53,26,22
53,31,0
53,31,4
53,31,20
53,31,35
53,31,50
53,31,51
53,34,54
53,35,0
53,35,4
53,35,20
53,35,31
53,50,31
53,51,31
53,54,34
54,0,24
54,0,28
54,0,35
54,0,39
54,3,24
54,3,28
54,3,35
54,3,39
54,4,28
54,4,35
54,4,39
54,24,0
54,24,3
54,24,28
54,28,0
54,28,3
54,28,4
54,28,24
54,28,35
54,28,39
54,35,0
54,35,3
54,35,4
54,35,28
54,35,38
54,35,39
54,35,51
54,35,52
54,35,53
54,35,56
54,38,35
54,38,56
54,39,0
54,39,3
54,39,4
54,39,28
54,39,35
54,39,51
54,39,56
54,51,35
54,51,39
54,51,52
54,52,35
54,52,51
54,53,35
54,56,35
54,56,38
54,56,39
54,0,3
54,0,4
54,0,23
54,0,27
54,0,34
54,0,38
54,3,0
54,3,4
54,3,23
54,3,27
54,3,34
54,3,38
54,4,0
54,4,3
54,4,22
54,4,27
54,4,34
54,4,38
54,22,4
54,23,0
54,23,3
54,23,27
54,27,0
54,27,3
54,27,4
54,27,23
54,27,34
54,27,38
54,34,0
54,34,3
54,34,4
54,34,27
54,34,37
54,34,38
54,34,52
54,34,53
54,34,57
54,37,34
54,37,57
54,38,0
54,38,3
54,38,4
54,38,27
54,38,34
54,38,52
54,38,57
54,52,34
54,52,38
54,52,53
54,53,34
54,53,52
54,57,34
54,57,37
54,57,38
55,0,24
55,0,35
55,0,39
55,3,24
55,3,28
55,4,23
55,4,35
55,4,39
55,4,54
55,23,4
55,23,35
55,23,39
55,23,54
55,24,0
55,24,3
55,28,3
55,35,0
55,35,4
55,35,23
55,35,38
55,35,39
55,35,54
55,35,55
55,35,59
55,38,35
55,38,59
55,39,0
55,39,4
55,39,23
55,39,35
55,39,54
55,54,4
55,54,23
55,54,35
55,54,39
55,55,35
55,59,35
55,59,38
55,0,3
55,0,4
55,0,23
55,0,34
55,0,38
55,3,0
55,3,23
55,3,27
55,4,0
55,4,22
55,4,34
55,4,38
55,4,50
55,22,4
55,22,34
55,22,38
55,22,50
55,23,0
55,23,3
55,27,3
55,34,0
55,34,4
55,34,22
55,34,37
55,34,38
55,34,50
55,34,51
55,34,55
55,37,34
55,37,51
55,37,55
55,38,0
55,38,4
55,38,22
55,38,34
55,38,50
55,38,51
55,50,4
55,50,22
55,50,34
55,50,38
55,50,51
55,51,34
55,51,37
55,51,38
55,51,50
55,55,34
55,55,37
56,4,56
56,31,34
56,31,51
56,34,31
56,35,56
56,51,31
56,52,56
56,56,4
56,56,35
56,56,52
56,0,3
56,0,4
56,0,21
56,0,25
56,0,31
56,0,35
56,3,0
56,3,4
56,3,21
56,3,25
56,3,31
56,3,35
56,4,0
56,4,3
56,4,20
56,4,25
56,4,31
56,4,35
56,4,51
56,16,21
56,19,21
56,20,4
56,20,25
56,20,31
56,20,35
56,21,0
56,21,3
56,21,16
56,21,19
56,21,25
56,25,0
56,25,3
56,25,4
56,25,20
56,25,21
56,25,31
56,25,35
56,31,0
56,31,3
56,31,4
56,31,20
56,31,25
56,31,35
56,31,52
56,31,56
56,34,56
56,35,0
56,35,3
56,35,4
56,35,20
56,35,25
56,35,31
56,35,51
56,51,4
56,51,35
56,52,31
56,56,31
56,56,34
